<?xml version="1.0" encoding="UTF-8"?>
<addon id="skin.estuary.edited" version="5.0.1" name="Estuary Edited" provider-name="phil65, Ichabod Fletchman, Cadmar">
	<requires>
		<import addon="xbmc.gui" version="5.17.0"/>
	</requires>
	<extension point="xbmc.gui.skin" debugging="false">
		<res width="1920" height="1440" aspect="4:3" default="false" folder="xml" />
		<res width="1920" height="1280" aspect="3:2" default="false" folder="xml" />
		<res width="1920" height="1200" aspect="16:10" default="false" folder="xml" />
		<res width="2040" height="1080" aspect="17:9" default="false" folder="xml" />
		<res width="1920" height="1080" aspect="16:9" default="true" folder="xml" />
		<res width="2560" height="1080" aspect="21:9" default="false" folder="xml" />
		<res width="2338" height="1080" aspect="19.5:9" default="false" folder="xml" />
		<res width="2160" height="1080" aspect="18:9" default="false" folder="xml" />
	</extension>
	<extension point="xbmc.addon.metadata">
		<platform>all</platform>
		<license>CC BY-SA 4.0, GNU GENERAL PUBLIC LICENSE Version 2.0</license>
		<forum>http://forum.kodi.tv/</forum>
		<source>https://github.com/xbmc/skin.estuary/</source>
		<assets>
			<icon>resources/icon.png</icon>
			<fanart>resources/fanart.jpg</fanart>
			<screenshot>resources/screenshot-01.jpg</screenshot>
			<screenshot>resources/screenshot-02.jpg</screenshot>
			<screenshot>resources/screenshot-03.jpg</screenshot>
			<screenshot>resources/screenshot-04.jpg</screenshot>
			<screenshot>resources/screenshot-05.jpg</screenshot>
			<screenshot>resources/screenshot-06.jpg</screenshot>
			<screenshot>resources/screenshot-07.jpg</screenshot>
			<screenshot>resources/screenshot-08.jpg</screenshot>
		</assets>
		
		<summary lang="en_GB">Estuary Edited skin by Cadmar based on Estuary skin by phil65. (Kodi&apos;s default skin)</summary>
		<summary lang="en_NZ">Estuary Edited skin by Cadmar based on Estuary skin by phil65. (Kodi&apos;s default skin)</summary>
		<summary lang="en_US">Estuary Edited skin by Cadmar based on Estuary skin by phil65. (Kodi&apos;s default skin)</summary>
		<disclaimer lang="en_GB">Estuary Edited is not the default skin for Kodi</disclaimer>
		<disclaimer lang="en_NZ">Estuary Edited is not the default skin for Kodi</disclaimer>
		<disclaimer lang="en_US">Estuary Edited is not the default skin for Kodi</disclaimer>
	</extension>
</addon>
